id,role,name,email
1,ta,Indian_Name_1,indian@gm.com
2,ta,Indian_Name_2,indian@gm.com
3,ta,Indian_Name_3,indian@gm.com
4,student,Indian_Name_4,indian@gm.com
5,student,Indian_Name_5,indian@gm.com
6,student,Indian_Name_6,indian@gm.com
7,student,Indian_Name_7,indian@gm.com
8,student,Indian_Name_8,indian@gm.com
9,student,Indian_Name_9,indian@gm.com
10,student,Indian_Name_10,indian@gm.com
11,student,Indian_Name_11,indian@gm.com
12,student,Indian_Name_12,indian@gm.com
13,student,Indian_Name_13,indian@gm.com
14,student,Indian_Name_14,indian@gm.com
15,student,Indian_Name_15,indian@gm.com
